{"cameraMode":{"drawMode":0,"name":"Shaded","section":"Shading Mode"},"sceneLighting":false,"audioPlay":false,"sceneViewState":{"m_AlwaysRefresh":false,"showFog":true,"showSkybox":false,"showFlares":true,"showImageEffects":true,"showParticleSystems":true,"showVisualEffectGraphs":true,"m_FxEnabled":true},"in2DMode":false,"pivot":{"x":0.02871038019657135,"y":0.046249404549598697,"z":-4.470348358154297e-8},"rotation":{"x":0.18512150645256043,"y":0.5575414299964905,"z":-0.12525777518749238,"w":0.7999850511550903},"size":0.26186835765838625,"orthographic":false}