{"cameraMode":{"drawMode":0,"name":"Shaded","section":"Shading Mode"},"sceneLighting":false,"audioPlay":false,"sceneViewState":{"m_AlwaysRefresh":false,"showFog":true,"showSkybox":false,"showFlares":true,"showImageEffects":true,"showParticleSystems":true,"showVisualEffectGraphs":true,"m_FxEnabled":true},"in2DMode":false,"pivot":{"x":0.3500000834465027,"y":0.006627753842622042,"z":9.313225746154786e-10},"rotation":{"x":-0.11073420941829682,"y":-0.7862607836723328,"z":0.14304855465888978,"w":-0.5915067791938782},"size":0.35030698776245119,"orthographic":false}