{"cameraMode":{"drawMode":0,"name":"Shaded","section":"Shading Mode"},"sceneLighting":false,"audioPlay":false,"sceneViewState":{"m_AlwaysRefresh":false,"showFog":true,"showSkybox":false,"showFlares":true,"showImageEffects":true,"showParticleSystems":true,"showVisualEffectGraphs":true,"m_FxEnabled":true},"in2DMode":false,"pivot":{"x":0.0013270862400531769,"y":0.20194274187088014,"z":-0.15235835313796998},"rotation":{"x":-0.049538977444171908,"y":0.9451203346252441,"z":-0.2654562294483185,"w":-0.18606968224048615},"size":0.2786160707473755,"orthographic":false}