{"cameraMode":{"drawMode":0,"name":"Shaded","section":"Shading Mode"},"sceneLighting":false,"audioPlay":false,"sceneViewState":{"m_AlwaysRefresh":false,"showFog":true,"showSkybox":false,"showFlares":true,"showImageEffects":true,"showParticleSystems":true,"showVisualEffectGraphs":true,"m_FxEnabled":true},"in2DMode":false,"pivot":{"x":0.03131014108657837,"y":0.006067383103072643,"z":-0.05434893071651459},"rotation":{"x":-0.20208272337913514,"y":-0.7378323674201965,"z":0.24655844271183015,"w":-0.5956408381462097},"size":0.22470435500144959,"orthographic":false}