{"cameraMode":{"drawMode":0,"name":"Shaded","section":"Shading Mode"},"sceneLighting":false,"audioPlay":false,"sceneViewState":{"m_AlwaysRefresh":false,"showFog":true,"showSkybox":false,"showFlares":true,"showImageEffects":true,"showParticleSystems":true,"showVisualEffectGraphs":true,"m_FxEnabled":true},"in2DMode":false,"pivot":{"x":-0.015893995761871339,"y":0.2487812340259552,"z":0.1599999964237213},"rotation":{"x":-0.014182884246110917,"y":0.9822139739990234,"z":-0.1087510958313942,"w":-0.154976025223732},"size":0.6154297590255737,"orthographic":false}