{"cameraMode":{"drawMode":0,"name":"Shaded","section":"Shading Mode"},"sceneLighting":false,"audioPlay":false,"sceneViewState":{"m_AlwaysRefresh":false,"showFog":true,"showSkybox":false,"showFlares":true,"showImageEffects":true,"showParticleSystems":true,"showVisualEffectGraphs":true,"m_FxEnabled":true},"in2DMode":false,"pivot":{"x":-2.9802322387695315e-8,"y":-0.000014238990843296051,"z":-0.00003437697887420654},"rotation":{"x":-0.07442788779735565,"y":0.9229388236999512,"z":-0.26258614659309389,"w":-0.2729174792766571},"size":0.25884342193603518,"orthographic":false}