{"cameraMode":{"drawMode":0,"name":"Shaded","section":"Shading Mode"},"sceneLighting":false,"audioPlay":false,"sceneViewState":{"m_AlwaysRefresh":false,"showFog":true,"showSkybox":false,"showFlares":true,"showImageEffects":true,"showParticleSystems":true,"showVisualEffectGraphs":true,"m_FxEnabled":true},"in2DMode":false,"pivot":{"x":-0.4621152877807617,"y":0.3388470411300659,"z":0.48646944761276247},"rotation":{"x":0.16197934746742249,"y":0.6791707277297974,"z":-0.15401200950145722,"w":0.6997038722038269},"size":0.7511023879051209,"orthographic":false}