{"cameraMode":{"drawMode":0,"name":"Shaded","section":"Shading Mode"},"sceneLighting":false,"audioPlay":false,"sceneViewState":{"m_AlwaysRefresh":false,"showFog":true,"showSkybox":false,"showFlares":true,"showImageEffects":true,"showParticleSystems":true,"showVisualEffectGraphs":true,"m_FxEnabled":true},"in2DMode":false,"pivot":{"x":-7.450580596923828e-9,"y":0.11185038089752197,"z":-1.4901161193847657e-8},"rotation":{"x":-0.030344925820827485,"y":-0.955406904220581,"z":0.27993834018707278,"w":-0.09326959401369095},"size":0.4718025326728821,"orthographic":false}