{"cameraMode":{"drawMode":0,"name":"Shaded","section":"Shading Mode"},"sceneLighting":false,"audioPlay":false,"sceneViewState":{"m_AlwaysRefresh":false,"showFog":true,"showSkybox":false,"showFlares":true,"showImageEffects":true,"showParticleSystems":true,"showVisualEffectGraphs":true,"m_FxEnabled":true},"in2DMode":false,"pivot":{"x":-1.043081283569336e-7,"y":0.15424302220344544,"z":-2.384185791015625e-7},"rotation":{"x":0.0041839745827019218,"y":-0.9221387505531311,"z":0.3875693082809448,"w":0.018962275236845018},"size":0.3159732222557068,"orthographic":false}