{"cameraMode":{"drawMode":0,"name":"Shaded","section":"Shading Mode"},"sceneLighting":false,"audioPlay":false,"sceneViewState":{"m_AlwaysRefresh":false,"showFog":true,"showSkybox":false,"showFlares":true,"showImageEffects":true,"showParticleSystems":true,"showVisualEffectGraphs":true,"m_FxEnabled":true},"in2DMode":false,"pivot":{"x":5.960464477539063e-8,"y":0.48213160037994387,"z":-2.980232238769531e-7},"rotation":{"x":0.10753393918275833,"y":0.859879732131958,"z":-0.20252449810504914,"w":0.4565790295600891},"size":0.7128101587295532,"orthographic":false}