{"cameraMode":{"drawMode":0,"name":"Shaded","section":"Shading Mode"},"sceneLighting":false,"audioPlay":false,"sceneViewState":{"m_AlwaysRefresh":false,"showFog":true,"showSkybox":false,"showFlares":true,"showImageEffects":true,"showParticleSystems":true,"showVisualEffectGraphs":true,"m_FxEnabled":true},"in2DMode":false,"pivot":{"x":5.960464477539063e-8,"y":0.3264312148094177,"z":-1.1920928955078126e-7},"rotation":{"x":0.10753393918275833,"y":0.859879732131958,"z":-0.20252449810504914,"w":0.4565790295600891},"size":0.45006850361824038,"orthographic":false}