{"cameraMode":{"drawMode":0,"name":"Shaded","section":"Shading Mode"},"sceneLighting":false,"audioPlay":false,"sceneViewState":{"m_AlwaysRefresh":false,"showFog":true,"showSkybox":false,"showFlares":true,"showImageEffects":true,"showParticleSystems":true,"showVisualEffectGraphs":true,"m_FxEnabled":true},"in2DMode":false,"pivot":{"x":-0.3285790979862213,"y":0.3183593153953552,"z":-0.1939060091972351},"rotation":{"x":0.019727738574147226,"y":0.9696224331855774,"z":-0.06958615779876709,"w":0.23536506295204163},"size":0.5049253106117249,"orthographic":false}