{"cameraMode":{"drawMode":0,"name":"Shaded","section":"Shading Mode"},"sceneLighting":true,"audioPlay":false,"sceneViewState":{"m_AlwaysRefresh":false,"showFog":true,"showSkybox":true,"showFlares":true,"showImageEffects":true,"showParticleSystems":true,"showVisualEffectGraphs":true,"m_FxEnabled":true},"in2DMode":false,"pivot":{"x":23.00729751586914,"y":16.419706344604493,"z":-3.878748893737793},"rotation":{"x":0.3015100061893463,"y":-0.018522867932915689,"z":0.006154655944555998,"w":0.9533674120903015},"size":47.53531265258789,"orthographic":false}