{"cameraMode":{"drawMode":0,"name":"Shaded","section":"Shading Mode"},"sceneLighting":false,"audioPlay":false,"sceneViewState":{"m_AlwaysRefresh":false,"showFog":true,"showSkybox":false,"showFlares":true,"showImageEffects":true,"showParticleSystems":true,"showVisualEffectGraphs":true,"m_FxEnabled":true},"in2DMode":false,"pivot":{"x":0.01903355121612549,"y":0.030568307265639306,"z":-0.0019389092922210694},"rotation":{"x":-0.010693371295928955,"y":0.9631603360176086,"z":-0.26548969745635989,"w":-0.05012930929660797},"size":0.24755246937274934,"orthographic":false}