{"cameraMode":{"drawMode":0,"name":"Shaded","section":"Shading Mode"},"sceneLighting":false,"audioPlay":false,"sceneViewState":{"m_AlwaysRefresh":false,"showFog":true,"showSkybox":false,"showFlares":true,"showImageEffects":true,"showParticleSystems":true,"showVisualEffectGraphs":true,"m_FxEnabled":true},"in2DMode":false,"pivot":{"x":-5.960464477539063e-8,"y":-2.9802322387695315e-8,"z":0.030726425349712373},"rotation":{"x":-0.14569903910160066,"y":0.10489103943109513,"z":-0.018464703112840654,"w":-0.9839833974838257},"size":0.28885138034820559,"orthographic":false}