{"cameraMode":{"drawMode":0,"name":"Shaded","section":"Shading Mode"},"sceneLighting":false,"audioPlay":false,"sceneViewState":{"m_AlwaysRefresh":false,"showFog":true,"showSkybox":false,"showFlares":true,"showImageEffects":true,"showParticleSystems":true,"showVisualEffectGraphs":true,"m_FxEnabled":true},"in2DMode":false,"pivot":{"x":0.07999134063720703,"y":1.06600022315979,"z":0.7401739358901978},"rotation":{"x":0.014945780858397484,"y":0.980340838432312,"z":-0.18023167550563813,"w":0.08168835192918778},"size":0.27529650926589968,"orthographic":false}