{"cameraMode":{"drawMode":0,"name":"Shaded","section":"Shading Mode"},"sceneLighting":false,"audioPlay":false,"sceneViewState":{"m_AlwaysRefresh":false,"showFog":true,"showSkybox":false,"showFlares":true,"showImageEffects":true,"showParticleSystems":true,"showVisualEffectGraphs":true,"m_FxEnabled":true},"in2DMode":false,"pivot":{"x":-0.13016831874847413,"y":0.46620702743530276,"z":-0.031707778573036197},"rotation":{"x":-0.18606036901474,"y":-0.10040202736854553,"z":0.016605516895651819,"w":-0.9776689410209656},"size":0.8818327188491821,"orthographic":false}