{"cameraMode":{"drawMode":0,"name":"Shaded","section":"Shading Mode"},"sceneLighting":false,"audioPlay":false,"sceneViewState":{"m_AlwaysRefresh":false,"showFog":true,"showSkybox":false,"showFlares":true,"showImageEffects":true,"showParticleSystems":true,"showVisualEffectGraphs":true,"m_FxEnabled":true},"in2DMode":false,"pivot":{"x":0.0004982054233551025,"y":0.0028240829706192018,"z":-0.013025347143411637},"rotation":{"x":-0.08766559511423111,"y":0.9097707867622376,"z":-0.24885022640228272,"w":-0.32049307227134707},"size":0.21569126844406129,"orthographic":false}