{"cameraMode":{"drawMode":0,"name":"Shaded","section":"Shading Mode"},"sceneLighting":false,"audioPlay":false,"sceneViewState":{"m_AlwaysRefresh":false,"showFog":true,"showSkybox":false,"showFlares":true,"showImageEffects":true,"showParticleSystems":true,"showVisualEffectGraphs":true,"m_FxEnabled":true},"in2DMode":false,"pivot":{"x":-0.002162933349609375,"y":0.163909912109375,"z":-0.043216705322265628},"rotation":{"x":0.009923595935106278,"y":0.9902059435844421,"z":-0.10017083585262299,"w":0.09898415207862854},"size":0.2506238520145416,"orthographic":false}