{"cameraMode":{"drawMode":0,"name":"Shaded","section":"Shading Mode"},"sceneLighting":false,"audioPlay":false,"sceneViewState":{"m_AlwaysRefresh":false,"showFog":true,"showSkybox":false,"showFlares":true,"showImageEffects":true,"showParticleSystems":true,"showVisualEffectGraphs":true,"m_FxEnabled":true},"in2DMode":false,"pivot":{"x":-1.1489615440368653,"y":1.1445033550262452,"z":0.14921054244041444},"rotation":{"x":0.10563795268535614,"y":0.7839801907539368,"z":-0.13901850581169129,"w":0.5957331657409668},"size":3.1297383308410646,"orthographic":false}