{"cameraMode":{"drawMode":0,"name":"Shaded","section":"Shading Mode"},"sceneLighting":false,"audioPlay":false,"sceneViewState":{"m_AlwaysRefresh":false,"showFog":true,"showSkybox":false,"showFlares":true,"showImageEffects":true,"showParticleSystems":true,"showVisualEffectGraphs":true,"m_FxEnabled":true},"in2DMode":false,"pivot":{"x":-0.013349771499633789,"y":0.6362600326538086,"z":-0.014668941497802735},"rotation":{"x":0.12516699731349946,"y":0.8273838758468628,"z":-0.20379143953323365,"w":0.508180558681488},"size":5.215943336486816,"orthographic":false}