{"cameraMode":{"drawMode":0,"name":"Shaded","section":"Shading Mode"},"sceneLighting":false,"audioPlay":false,"sceneViewState":{"m_AlwaysRefresh":false,"showFog":true,"showSkybox":false,"showFlares":true,"showImageEffects":true,"showParticleSystems":true,"showVisualEffectGraphs":true,"m_FxEnabled":true},"in2DMode":false,"pivot":{"x":0.1541837751865387,"y":0.1629176139831543,"z":-0.23745888471603394},"rotation":{"x":0.2132471203804016,"y":0.36987748742103579,"z":-0.08444885164499283,"w":0.9007636308670044},"size":0.6610492467880249,"orthographic":false}