{"cameraMode":{"drawMode":0,"name":"Shaded","section":"Shading Mode"},"sceneLighting":false,"audioPlay":false,"sceneViewState":{"m_AlwaysRefresh":false,"showFog":true,"showSkybox":false,"showFlares":true,"showImageEffects":true,"showParticleSystems":true,"showVisualEffectGraphs":true,"m_FxEnabled":true},"in2DMode":false,"pivot":{"x":-0.05632972717285156,"y":0.5119151473045349,"z":-0.1722334921360016},"rotation":{"x":0.023302897810935975,"y":0.9396321177482605,"z":-0.33783194422721865,"w":0.05678131803870201},"size":0.8991095423698425,"orthographic":false}