{"cameraMode":{"drawMode":0,"name":"Shaded","section":"Shading Mode"},"sceneLighting":false,"audioPlay":false,"sceneViewState":{"m_AlwaysRefresh":false,"showFog":true,"showSkybox":false,"showFlares":true,"showImageEffects":true,"showParticleSystems":true,"showVisualEffectGraphs":true,"m_FxEnabled":true},"in2DMode":false,"pivot":{"x":0.0013830959796905518,"y":1.069454312324524,"z":-0.6433696150779724},"rotation":{"x":-0.09119682013988495,"y":0.8980266451835632,"z":-0.23406954109668733,"w":-0.3622511029243469},"size":1.2309696674346924,"orthographic":false}