{"cameraMode":{"drawMode":0,"name":"Shaded","section":"Shading Mode"},"sceneLighting":false,"audioPlay":false,"sceneViewState":{"m_AlwaysRefresh":false,"showFog":true,"showSkybox":false,"showFlares":true,"showImageEffects":true,"showParticleSystems":true,"showVisualEffectGraphs":true,"m_FxEnabled":true},"in2DMode":false,"pivot":{"x":4.76837158203125e-7,"y":0.36707544326782229,"z":0.0000013113021850585938},"rotation":{"x":0.10753393918275833,"y":0.859879732131958,"z":-0.20252449810504914,"w":0.4565790295600891},"size":0.828549325466156,"orthographic":false}