{"cameraMode":{"drawMode":0,"name":"Shaded","section":"Shading Mode"},"sceneLighting":false,"audioPlay":false,"sceneViewState":{"m_AlwaysRefresh":false,"showFog":true,"showSkybox":false,"showFlares":true,"showImageEffects":true,"showParticleSystems":true,"showVisualEffectGraphs":true,"m_FxEnabled":true},"in2DMode":false,"pivot":{"x":-0.2668711543083191,"y":2.4893860816955568,"z":0.554409384727478},"rotation":{"x":-0.0012784739956259728,"y":0.8419180512428284,"z":-0.5400108098983765,"w":-0.002007613191381097},"size":1.0019302368164063,"orthographic":false}