{"cameraMode":{"drawMode":0,"name":"Shaded","section":"Shading Mode"},"sceneLighting":false,"audioPlay":false,"sceneViewState":{"m_AlwaysRefresh":false,"showFog":true,"showSkybox":false,"showFlares":true,"showImageEffects":true,"showParticleSystems":true,"showVisualEffectGraphs":true,"m_FxEnabled":true},"in2DMode":false,"pivot":{"x":0.0008937716484069824,"y":0.3975292444229126,"z":-0.000003293156623840332},"rotation":{"x":0.12516699731349946,"y":0.8273838758468628,"z":-0.20379143953323365,"w":0.508180558681488},"size":3.0001823902130129,"orthographic":false}