{"cameraMode":{"drawMode":0,"name":"Shaded","section":"Shading Mode"},"sceneLighting":false,"audioPlay":false,"sceneViewState":{"m_AlwaysRefresh":false,"showFog":true,"showSkybox":false,"showFlares":true,"showImageEffects":true,"showParticleSystems":true,"showVisualEffectGraphs":true,"m_FxEnabled":true},"in2DMode":false,"pivot":{"x":0.06936043500900269,"y":0.13058120012283326,"z":-0.0040954649448394779},"rotation":{"x":-0.4183659255504608,"y":0.14769473671913148,"z":-0.07241719961166382,"w":-0.8937065005302429},"size":0.23942723870277406,"orthographic":false}