{"cameraMode":{"drawMode":0,"name":"Shaded","section":"Shading Mode"},"sceneLighting":false,"audioPlay":false,"sceneViewState":{"m_AlwaysRefresh":false,"showFog":true,"showSkybox":false,"showFlares":true,"showImageEffects":true,"showParticleSystems":true,"showVisualEffectGraphs":true,"m_FxEnabled":true},"in2DMode":false,"pivot":{"x":-4.76837158203125e-7,"y":0.3356664776802063,"z":5.960464477539063e-8},"rotation":{"x":-0.011191342957317829,"y":0.9813867807388306,"z":-0.18346337974071504,"w":-0.05980873852968216},"size":0.4591139554977417,"orthographic":false}