{"cameraMode":{"drawMode":0,"name":"Shaded","section":"Shading Mode"},"sceneLighting":false,"audioPlay":false,"sceneViewState":{"m_AlwaysRefresh":false,"showFog":true,"showSkybox":false,"showFlares":true,"showImageEffects":true,"showParticleSystems":true,"showVisualEffectGraphs":true,"m_FxEnabled":true},"in2DMode":false,"pivot":{"x":-4.470348358154297e-8,"y":0.02157345414161682,"z":-1.4901161193847657e-8},"rotation":{"x":0.10753393918275833,"y":0.859879732131958,"z":-0.20252449810504914,"w":0.4565790295600891},"size":0.24110808968544007,"orthographic":false}