{"cameraMode":{"drawMode":0,"name":"Shaded","section":"Shading Mode"},"sceneLighting":false,"audioPlay":false,"sceneViewState":{"m_AlwaysRefresh":false,"showFog":true,"showSkybox":false,"showFlares":true,"showImageEffects":true,"showParticleSystems":true,"showVisualEffectGraphs":true,"m_FxEnabled":true},"in2DMode":false,"pivot":{"x":-2.5000009536743166,"y":2.0719003677368166,"z":0.027437329292297365},"rotation":{"x":-0.1461825668811798,"y":0.07409100234508515,"z":-0.014254303649067879,"w":-0.9867975115776062},"size":3.4261293411254885,"orthographic":false}