{"cameraMode":{"drawMode":0,"name":"Shaded","section":"Shading Mode"},"sceneLighting":false,"audioPlay":false,"sceneViewState":{"m_AlwaysRefresh":false,"showFog":true,"showSkybox":false,"showFlares":true,"showImageEffects":true,"showParticleSystems":true,"showVisualEffectGraphs":true,"m_FxEnabled":true},"in2DMode":false,"pivot":{"x":0.0018326938152313233,"y":0.2846496105194092,"z":0.0010220706462860108},"rotation":{"x":0.20880240201950074,"y":0.5477274656295776,"z":-0.13966824114322663,"w":0.7985488772392273},"size":0.4614633321762085,"orthographic":false}