{"cameraMode":{"drawMode":0,"name":"Shaded","section":"Shading Mode"},"sceneLighting":false,"audioPlay":false,"sceneViewState":{"m_AlwaysRefresh":false,"showFog":true,"showSkybox":false,"showFlares":true,"showImageEffects":true,"showParticleSystems":true,"showVisualEffectGraphs":true,"m_FxEnabled":true},"in2DMode":false,"pivot":{"x":-0.0031490325927734377,"y":1.7341675758361817,"z":1.1874994039535523},"rotation":{"x":0.006565412040799856,"y":0.9924407601356506,"z":-0.10609617829322815,"w":0.061407025903463367},"size":1.8840041160583497,"orthographic":false}