{"cameraMode":{"drawMode":0,"name":"Shaded","section":"Shading Mode"},"sceneLighting":false,"audioPlay":false,"sceneViewState":{"m_AlwaysRefresh":false,"showFog":true,"showSkybox":false,"showFlares":true,"showImageEffects":true,"showParticleSystems":true,"showVisualEffectGraphs":true,"m_FxEnabled":true},"in2DMode":false,"pivot":{"x":1.4901161193847657e-8,"y":0.031885191798210147,"z":-5.960464477539063e-8},"rotation":{"x":-0.008380889892578125,"y":0.990138828754425,"z":-0.12572352588176728,"w":-0.0648021548986435},"size":0.08469323813915253,"orthographic":false}