{"cameraMode":{"drawMode":0,"name":"Shaded","section":"Shading Mode"},"sceneLighting":false,"audioPlay":false,"sceneViewState":{"m_AlwaysRefresh":false,"showFog":true,"showSkybox":false,"showFlares":true,"showImageEffects":true,"showParticleSystems":true,"showVisualEffectGraphs":true,"m_FxEnabled":true},"in2DMode":false,"pivot":{"x":1.7881393432617188e-7,"y":0.28440290689468386,"z":0.10767877101898194},"rotation":{"x":0.0888577476143837,"y":0.7957329750061035,"z":-0.11506630480289459,"w":0.5886163115501404},"size":0.4591096043586731,"orthographic":false}