{"cameraMode":{"drawMode":0,"name":"Shaded","section":"Shading Mode"},"sceneLighting":false,"audioPlay":false,"sceneViewState":{"m_AlwaysRefresh":false,"showFog":true,"showSkybox":false,"showFlares":true,"showImageEffects":true,"showParticleSystems":true,"showVisualEffectGraphs":true,"m_FxEnabled":true},"in2DMode":false,"pivot":{"x":-0.0000010728836059570313,"y":-2.9802322387695315e-8,"z":-0.000001817941665649414},"rotation":{"x":0.09286104887723923,"y":-0.010454613715410233,"z":0.0009751504985615611,"w":0.9956268072128296},"size":4.370994567871094,"orthographic":false}