{"cameraMode":{"drawMode":0,"name":"Shaded","section":"Shading Mode"},"sceneLighting":false,"audioPlay":false,"sceneViewState":{"m_AlwaysRefresh":false,"showFog":true,"showSkybox":false,"showFlares":true,"showImageEffects":true,"showParticleSystems":true,"showVisualEffectGraphs":true,"m_FxEnabled":true},"in2DMode":false,"pivot":{"x":0.032418154180049899,"y":0.06909281015396118,"z":-7.450580596923828e-9},"rotation":{"x":-0.27233681082725527,"y":-0.727091908454895,"z":0.4866570234298706,"w":-0.401418000459671},"size":0.4245232343673706,"orthographic":false}