{"cameraMode":{"drawMode":0,"name":"Shaded","section":"Shading Mode"},"sceneLighting":false,"audioPlay":false,"sceneViewState":{"m_AlwaysRefresh":false,"showFog":true,"showSkybox":false,"showFlares":true,"showImageEffects":true,"showParticleSystems":true,"showVisualEffectGraphs":true,"m_FxEnabled":true},"in2DMode":false,"pivot":{"x":-2.4770965576171877,"y":0.7050836086273193,"z":-0.4327676296234131},"rotation":{"x":0.10753393918275833,"y":0.859879732131958,"z":-0.20252449810504914,"w":0.4565790295600891},"size":2.6440632343292238,"orthographic":false}