{"cameraMode":{"drawMode":0,"name":"Shaded","section":"Shading Mode"},"sceneLighting":false,"audioPlay":false,"sceneViewState":{"m_AlwaysRefresh":false,"showFog":true,"showSkybox":false,"showFlares":true,"showImageEffects":true,"showParticleSystems":true,"showVisualEffectGraphs":true,"m_FxEnabled":true},"in2DMode":false,"pivot":{"x":-0.3205528259277344,"y":0.3396928012371063,"z":0.23971641063690186},"rotation":{"x":-0.09417076408863068,"y":0.9014759659767151,"z":-0.34420350193977358,"w":-0.24587400257587434},"size":0.35593658685684206,"orthographic":false}