{"cameraMode":{"drawMode":0,"name":"Shaded","section":"Shading Mode"},"sceneLighting":false,"audioPlay":false,"sceneViewState":{"m_AlwaysRefresh":false,"showFog":true,"showSkybox":false,"showFlares":true,"showImageEffects":true,"showParticleSystems":true,"showVisualEffectGraphs":true,"m_FxEnabled":true},"in2DMode":false,"pivot":{"x":0.12032555043697357,"y":1.1862870454788209,"z":0.4521704316139221},"rotation":{"x":-0.038404811173677447,"y":0.878542959690094,"z":-0.47122642397880556,"w":-0.0718887522816658},"size":0.23241275548934937,"orthographic":false}