{"cameraMode":{"drawMode":0,"name":"Shaded","section":"Shading Mode"},"sceneLighting":false,"audioPlay":false,"sceneViewState":{"m_AlwaysRefresh":false,"showFog":true,"showSkybox":false,"showFlares":true,"showImageEffects":true,"showParticleSystems":true,"showVisualEffectGraphs":true,"m_FxEnabled":true},"in2DMode":false,"pivot":{"x":1.4901161193847657e-7,"y":0.15424302220344544,"z":-1.1920928955078126e-7},"rotation":{"x":-0.06748586893081665,"y":-0.9205930829048157,"z":0.3447723090648651,"w":-0.17299573123455048},"size":0.3159730136394501,"orthographic":false}