{"cameraMode":{"drawMode":0,"name":"Shaded","section":"Shading Mode"},"sceneLighting":false,"audioPlay":false,"sceneViewState":{"m_AlwaysRefresh":false,"showFog":true,"showSkybox":false,"showFlares":true,"showImageEffects":true,"showParticleSystems":true,"showVisualEffectGraphs":true,"m_FxEnabled":true},"in2DMode":false,"pivot":{"x":1.4901161193847657e-7,"y":0.15424302220344544,"z":-2.384185791015625e-7},"rotation":{"x":0.05267760902643204,"y":-0.9417570233345032,"z":0.1745605766773224,"w":0.28355976939201357},"size":0.4358712136745453,"orthographic":false}