{"cameraMode":{"drawMode":0,"name":"Shaded","section":"Shading Mode"},"sceneLighting":false,"audioPlay":false,"sceneViewState":{"m_AlwaysRefresh":false,"showFog":true,"showSkybox":false,"showFlares":true,"showImageEffects":true,"showParticleSystems":true,"showVisualEffectGraphs":true,"m_FxEnabled":true},"in2DMode":false,"pivot":{"x":0.016144946217536928,"y":0.044219374656677249,"z":-0.000978022813796997},"rotation":{"x":-0.20208272337913514,"y":-0.7378323674201965,"z":0.24655844271183015,"w":-0.5956408381462097},"size":0.27388259768486025,"orthographic":false}