{"cameraMode":{"drawMode":0,"name":"Shaded","section":"Shading Mode"},"sceneLighting":false,"audioPlay":false,"sceneViewState":{"m_AlwaysRefresh":false,"showFog":true,"showSkybox":false,"showFlares":true,"showImageEffects":true,"showParticleSystems":true,"showVisualEffectGraphs":true,"m_FxEnabled":true},"in2DMode":false,"pivot":{"x":-7.450580596923828e-8,"y":0.32216399908065798,"z":4.470348358154297e-8},"rotation":{"x":0.10395730286836624,"y":-0.870450496673584,"z":0.20766663551330567,"w":0.43464547395706179},"size":0.6829934120178223,"orthographic":false}