{"cameraMode":{"drawMode":0,"name":"Shaded","section":"Shading Mode"},"sceneLighting":false,"audioPlay":false,"sceneViewState":{"m_AlwaysRefresh":false,"showFog":true,"showSkybox":false,"showFlares":true,"showImageEffects":true,"showParticleSystems":true,"showVisualEffectGraphs":true,"m_FxEnabled":true},"in2DMode":false,"pivot":{"x":-0.030134432017803193,"y":0.6558727025985718,"z":0.12252156436443329},"rotation":{"x":0.1886977255344391,"y":0.3760080337524414,"z":-0.07857899367809296,"w":0.9040356874465942},"size":0.4116007089614868,"orthographic":false}