{"cameraMode":{"drawMode":0,"name":"Shaded","section":"Shading Mode"},"sceneLighting":false,"audioPlay":false,"sceneViewState":{"m_AlwaysRefresh":false,"showFog":true,"showSkybox":false,"showFlares":true,"showImageEffects":true,"showParticleSystems":true,"showVisualEffectGraphs":true,"m_FxEnabled":true},"in2DMode":false,"pivot":{"x":0.11757205426692963,"y":1.7750004529953004,"z":0.5264971852302551},"rotation":{"x":-0.12459021061658859,"y":-0.5944257378578186,"z":0.09097855538129807,"w":-0.7897304892539978},"size":1.869949221611023,"orthographic":false}