{"cameraMode":{"drawMode":0,"name":"Shaded","section":"Shading Mode"},"sceneLighting":false,"audioPlay":false,"sceneViewState":{"m_AlwaysRefresh":false,"showFog":true,"showSkybox":false,"showFlares":true,"showImageEffects":true,"showParticleSystems":true,"showVisualEffectGraphs":true,"m_FxEnabled":true},"in2DMode":false,"pivot":{"x":0.05420452356338501,"y":0.0806707814335823,"z":0.001354515552520752},"rotation":{"x":-0.025828739628195764,"y":0.9687206149101257,"z":-0.21021714806556703,"w":-0.13234318792819978},"size":0.2558991014957428,"orthographic":false}