{"cameraMode":{"drawMode":0,"name":"Shaded","section":"Shading Mode"},"sceneLighting":false,"audioPlay":false,"sceneViewState":{"m_AlwaysRefresh":false,"showFog":true,"showSkybox":false,"showFlares":true,"showImageEffects":true,"showParticleSystems":true,"showVisualEffectGraphs":true,"m_FxEnabled":true},"in2DMode":false,"pivot":{"x":0.01712656021118164,"y":0.2985231876373291,"z":0.010287284851074219},"rotation":{"x":0.21052901446819306,"y":0.2681010663509369,"z":-0.06060352176427841,"w":0.9384326338768005},"size":0.7266051769256592,"orthographic":false}