{"cameraMode":{"drawMode":0,"name":"Shaded","section":"Shading Mode"},"sceneLighting":false,"audioPlay":false,"sceneViewState":{"m_AlwaysRefresh":false,"showFog":true,"showSkybox":false,"showFlares":true,"showImageEffects":true,"showParticleSystems":true,"showVisualEffectGraphs":true,"m_FxEnabled":true},"in2DMode":false,"pivot":{"x":0.0010103583335876465,"y":0.1267043650150299,"z":-0.005535848438739777},"rotation":{"x":-0.23425692319869996,"y":-0.6257439255714417,"z":0.20122884213924409,"w":-0.7168618440628052},"size":0.3429557681083679,"orthographic":false}