{"cameraMode":{"drawMode":0,"name":"Shaded","section":"Shading Mode"},"sceneLighting":false,"audioPlay":false,"sceneViewState":{"m_AlwaysRefresh":false,"showFog":true,"showSkybox":false,"showFlares":true,"showImageEffects":true,"showParticleSystems":true,"showVisualEffectGraphs":true,"m_FxEnabled":true},"in2DMode":false,"pivot":{"x":-0.09487336128950119,"y":0.1793866753578186,"z":0.03229044750332832},"rotation":{"x":0.030482131987810136,"y":0.9354145526885986,"z":-0.34285691380500796,"w":0.0836346372961998},"size":0.41008231043815615,"orthographic":false}