{"cameraMode":{"drawMode":0,"name":"Shaded","section":"Shading Mode"},"sceneLighting":false,"audioPlay":false,"sceneViewState":{"m_AlwaysRefresh":false,"showFog":true,"showSkybox":false,"showFlares":true,"showImageEffects":true,"showParticleSystems":true,"showVisualEffectGraphs":true,"m_FxEnabled":true},"in2DMode":false,"pivot":{"x":-0.05415681377053261,"y":0.12481830269098282,"z":0.0020575374364852907},"rotation":{"x":-0.1100064292550087,"y":-0.5053408741950989,"z":0.06156108155846596,"w":-0.8541255593299866},"size":0.18977804481983186,"orthographic":false}