{"cameraMode":{"drawMode":0,"name":"Shaded","section":"Shading Mode"},"sceneLighting":false,"audioPlay":false,"sceneViewState":{"m_AlwaysRefresh":false,"showFog":true,"showSkybox":false,"showFlares":true,"showImageEffects":true,"showParticleSystems":true,"showVisualEffectGraphs":true,"m_FxEnabled":true},"in2DMode":false,"pivot":{"x":-4.76837158203125e-7,"y":0.9742364883422852,"z":-0.007268667221069336},"rotation":{"x":0.12516699731349946,"y":0.8273838758468628,"z":-0.20379143953323365,"w":0.508180558681488},"size":1.4895418882369996,"orthographic":false}