{"cameraMode":{"drawMode":0,"name":"Shaded","section":"Shading Mode"},"sceneLighting":false,"audioPlay":false,"sceneViewState":{"m_AlwaysRefresh":false,"showFog":true,"showSkybox":false,"showFlares":true,"showImageEffects":true,"showParticleSystems":true,"showVisualEffectGraphs":true,"m_FxEnabled":true},"in2DMode":false,"pivot":{"x":-0.0002348572015762329,"y":0.014699488878250122,"z":0.007614553906023502},"rotation":{"x":0.02476518601179123,"y":0.9764614701271057,"z":-0.18068838119506837,"w":0.11854476481676102},"size":0.3227784037590027,"orthographic":false}