{"cameraMode":{"drawMode":0,"name":"Shaded","section":"Shading Mode"},"sceneLighting":false,"audioPlay":false,"sceneViewState":{"m_AlwaysRefresh":false,"showFog":true,"showSkybox":false,"showFlares":true,"showImageEffects":true,"showParticleSystems":true,"showVisualEffectGraphs":true,"m_FxEnabled":true},"in2DMode":false,"pivot":{"x":0.1344016045331955,"y":0.0382351353764534,"z":0.014061568304896355},"rotation":{"x":-0.10518825054168701,"y":-0.34761562943458559,"z":0.035966742783784869,"w":-0.9314531087875366},"size":0.1565500944852829,"orthographic":false}