{"cameraMode":{"drawMode":0,"name":"Shaded","section":"Shading Mode"},"sceneLighting":false,"audioPlay":false,"sceneViewState":{"m_AlwaysRefresh":false,"showFog":true,"showSkybox":false,"showFlares":true,"showImageEffects":true,"showParticleSystems":true,"showVisualEffectGraphs":true,"m_FxEnabled":true},"in2DMode":false,"pivot":{"x":-2.9802322387695315e-8,"y":0.05340223014354706,"z":-2.9802322387695315e-8},"rotation":{"x":-0.4471849501132965,"y":-0.17632751166820527,"z":0.0870542824268341,"w":-0.8730180859565735},"size":0.48674967885017397,"orthographic":false}