{"cameraMode":{"drawMode":0,"name":"Shaded","section":"Shading Mode"},"sceneLighting":false,"audioPlay":false,"sceneViewState":{"m_AlwaysRefresh":false,"showFog":true,"showSkybox":false,"showFlares":true,"showImageEffects":true,"showParticleSystems":true,"showVisualEffectGraphs":true,"m_FxEnabled":true},"in2DMode":false,"pivot":{"x":-0.044245362281799319,"y":1.0008522272109986,"z":0.19995087385177613},"rotation":{"x":0.04627212509512901,"y":0.9361760020256043,"z":-0.12521104514598847,"w":0.32643410563468935},"size":2.964164972305298,"orthographic":false}